source,category,signal_tier,learning_type,title,provider,country,language,subtype,popularity,kotlin_confidence,url
university_website,university_page,primary,formal,Kotlin: A modern and expressive programming language for everyone,Constructor University,Germany,,article,,0.8,https://constructor.university/blog/kotlin-programming-language
university_website,university_page,primary,formal,Webinar: Building your future in IT - Hidden Secrets of Kotlin ...,Constructor University,Germany,,,,0.8,https://constructor.university/events/sdt-webinar-february
university_website,university_page,secondary,formal,Blog | Constructor University,Constructor University,Germany,,,,0.4,https://constructor.university/blog?page=0
university_website,university_page,primary,formal,Thank you for completing your registration for the BSc SDT test,Constructor University,Germany,,,,0.8,https://constructor.university/event-thank-you-bsc-sdt-test-registration
university_website,university_page,primary,formal,Advanced Software Technology Career | Constructor University,Constructor University,Germany,,,,0.8,https://constructor.university/programs/graduate-education/advanced-software-technology/ast-career-perspectives
university_website,university_page,primary,formal,Search - constructor.university,Constructor University,Germany,,,,0.8,https://constructor.university/search?page=2&search_api_fulltext=HateBERT%3A+Retraining+BERT+for+Abusive+Language+Detection+in+English
university_website,university_page,primary,formal,Anton Podkopaev | Constructor University,Constructor University,Germany,,,,0.8,https://constructor.university/faculty-member/anton-podkopaev
university_website,university_page,primary,formal,Algorithm and Code Training School Serbia | Constructor University,Constructor University,Germany,,,,0.8,https://constructor.university/talent-school/algorithm-and-code-training-school
university_website,university_page,primary,formal,Programming and Software Development - Admission Nusa Putra University,Universitas Nusa Putra,Indonesia,,,,0.8,https://admission.nusaputra.ac.id/major/programming-and-software-development
university_website,university_page,secondary,formal,Pemrograman dan Pengembangan Perangkat Lunak - Admission Nusa Putra ...,Universitas Nusa Putra,Indonesia,,,,0.4,https://admission.nusaputra.ac.id/major/pemrograman-dan-pengembangan-perangkat-lunak
university_website,university_page,primary,formal,Jurnal Restikom : Riset Teknik Informatika dan Komputer ISSN 2686-4797 ...,Universitas Nusa Putra,Indonesia,,article,,0.8,https://restikom.nusaputra.ac.id/article/download/471/219
university_website,university_page,secondary,formal,Pengembangan Aplikasi Mobile Portal Akademik (MyCIC) dengan Pendekatan ...,Universitas Nusa Putra,Indonesia,,article,,0.4,https://restikom.nusaputra.ac.id/index.php/restikom/article/view/471
university_website,university_page,primary,formal,PDF Perancangan Aplikasi Mobile Sig Untuk Pemantauan Sebaran Penyakit Di ...,Universitas Nusa Putra,Indonesia,,document,,0.8,https://www.repository.nusaputra.ac.id/id/eprint/1309/1/MUHAMMAD%20RIFQI%20DARMAWAN%20.pdf
university_website,university_page,secondary,formal,Perancangan Sistem Peminjaman Buku Perpustakaan Mdta Attawakkal Dengan ...,Universitas Nusa Putra,Indonesia,,article,,0.4,https://restikom.nusaputra.ac.id/article/download/68/39
university_website,university_page,primary,formal,PDF Report of Seminar on Flutter & Dart (07_01_2023),Atharva College of Engineering,India,,document,,0.8,https://atharvacoe.ac.in/wp-content/uploads/Report-of-Seminar-on-Flutter-Dart-07_01_2023.docx.pdf
university_website,university_page,secondary,formal,Licenses Logiciels - INSA Toulouse,National Institute of Applied Sciences of Toulouse,France,,,,0.4,https://wiki.etud.insa-toulouse.fr/books/licenses-logiciels/export/html
university_website,university_page,secondary,formal,JetBrains | WikEtud,National Institute of Applied Sciences of Toulouse,France,,,,0.4,https://wiki.etud.insa-toulouse.fr/books/licenses-logiciels/page/jetbrains
university_website,university_page,primary,formal,PDF Concepts des langages de programmation Mise en œuvre en C/C++,Central Supélec,France,,document,,0.8,https://wdi.centralesupelec.fr/3IF1020/downloads/Main/ConceptsLangagesProgrammation.pdf
university_website,university_page,primary,formal,Workshop & Expert Lectures - DAV Institute of Engineering and Technology,DAV Institute of Engineering & Technology,India,,,,0.8,https://davietjal.org/workshop-expert-lectures
university_website,university_page,primary,formal,Departmental Activities - DAV Institute of Engineering and Technology,DAV Institute of Engineering & Technology,India,,,,0.8,https://davietjal.org/departments/ug/computer-science-engineering/departmental-activities
university_website,university_page,primary,formal,PDF Prospectus Title Front and Front Back -2023 Final Last,DAV Institute of Engineering & Technology,India,,document,,0.8,https://davietjal.org/wp-content/uploads/2024/03/DAVIET-Prospectus-2023.pdf
university_website,university_page,primary,formal,LPU Skill Development: Android App Development Course,Lovely Professional University,India,,,,0.8,https://www.lpu.in/skilldevelopment/Details/1332/android-app-masters-design-to-deployment
university_website,university_page,primary,formal,LPU,Lovely Professional University,India,,,,0.8,https://www.lpu.in/skilldevelopment/Details/1419/-android-for-beginners-build-your-first-app
university_website,university_page,secondary,formal,EDA & Machine Learning Basics | LPU Skill Development,Lovely Professional University,India,,,,0.4,https://www.lpu.in/skilldevelopment/Details/1160/analyze-to-automate-core-eda-ml-concepts
university_website,university_page,primary,formal,How to be a Master of a Programming Language? - Happenings@LPU,Lovely Professional University,India,,,,0.8,https://happenings.lpu.in/how-to-be-a-master-of-a-programming-language
university_website,university_page,primary,formal,Top 5 Programming Languages to Rule the Next Decade,Lovely Professional University,India,,,,0.8,https://happenings.lpu.in/top-5-programming-languages-to-rule-the-next-decade
university_website,university_page,primary,formal,Honours in Software Application Development Course At KJSSE,Somaiya Vidyavihar,India,,,,0.8,https://kjsce.somaiya.edu/en/programme/comp/honours-in-software-application-development
university_website,university_page,primary,formal,"PDF Progressive Web Applications, a New Way for Faster Testing of Mobile ...",Somaiya Vidyavihar,India,,document,,0.8,https://svu-naac.somaiya.edu/C3/DVV/3.4.5/Confernce+and+Book+Chapter/56.pdf
university_website,university_page,secondary,formal,What is Mobile Development? - ECPI University,ECPI University,United States,,article,,0.4,https://www.ecpi.edu/blog/what-is-mobile-app-development
university_website,university_page,secondary,formal,Security Engineering Contractor (potential for FT),ECPI University,United States,,,,0.4,https://careerservices.ecpi.edu/jobs/rxdiet-security-engineering-contractor-potential-for-ft
university_website,university_page,primary,formal,Georgia Gwinnett College - ITEC 2130,Georgia Gwinnett College,United States,,,,0.8,https://www.smcrae2.domains.ggc.edu/index.html
university_website,university_page,primary,formal,Glencoe Life Iscience Modules From Bacteria To Plants Grade 6 Student ...,International Technological University,United States,,,,0.8,https://learnmore.itu.edu/display?FilesData=Glencoe_Life_Iscience_Modules_From_Bacteria_To_Plants_Grade_6_Student_Edition_Glen_Sci_From_Bacteria_To_Plt.pdf&docid=D44k910
university_website,university_page,primary,formal,Kotlin Language for Java Developers - International Conference on ...,NorthCap University,India,,,,0.8,https://iscs2025.ncuindia.edu/courses/kotlin-for-java-developers
university_website,university_page,primary,formal,Home 5 - International Conference on Sustainability,NorthCap University,India,,,,0.8,https://iscs2025.ncuindia.edu/home-5
university_website,university_page,secondary,formal,Home 3 (Onepage) - International Conference on Sustainability,NorthCap University,India,,,,0.4,https://iscs2025.ncuindia.edu/home-3-onepage
university_website,university_page,secondary,formal,Home 3 - Sait International Conference,NorthCap University,India,,,,0.4,https://sait.ncuindia.edu/home-3
university_website,university_page,secondary,formal,Home 4 - International Conference on Sustainability,NorthCap University,India,,,,0.4,https://stride.ncuindia.edu/home-4
university_website,university_page,primary,formal,Kotlin Language for Java Developers - International Conference Times 2024,NorthCap University,India,,,,0.8,https://times.ncuindia.edu/courses/kotlin-for-java-developers
university_website,university_page,secondary,formal,Home 4 - Sait International Conference,NorthCap University,India,,,,0.4,https://sait.ncuindia.edu/home-4
university_website,university_page,primary,formal,Home 3 - International Conference Times 2025,NorthCap University,India,,,,0.8,https://times.ncuindia.edu/home-3
university_website,university_page,secondary,formal,Home 5 (Onepage) - International Conference Times 2026,NorthCap University,India,,,,0.4,https://times.ncuindia.edu/home-5-onepage
university_website,university_page,secondary,formal,Home 6 (Onepage) - International Conference Times 2026,NorthCap University,India,,,,0.4,https://times.ncuindia.edu/home-6-onepage
university_website,university_page,secondary,formal,Home 5 (Onepage) - International Conference on Sustainability,NorthCap University,India,,,,0.4,https://iscs2025.ncuindia.edu/home-5-onepage
university_website,university_page,primary,formal,Home 5 - International Conference on Sustainability,NorthCap University,India,,,,0.8,https://stride.ncuindia.edu/home-5
university_website,university_page,primary,formal,Course Isotope 1 - International Conference on Sustainability,NorthCap University,India,,,,0.8,https://stride.ncuindia.edu/course-isotope-1
university_website,university_page,secondary,formal,Information Technology Coding Skills and Their Importance,American Public University System,United States,,,,0.4,https://www.apu.apus.edu/area-of-study/information-technology/resources/information-technology-coding-skills-and-their-importance
university_website,university_page,primary,formal,Beyond Phones: Programming for Wearables and More with Mobile ...,Full Sail University,United States,,,,0.8,https://hub.fullsail.edu/articles/beyond-phones-programming-for-wearables-and-more-with-mobile-development
university_website,university_page,primary,formal,Mobile Development Concentration Degree Spotlight | Full Sail ...,Full Sail University,United States,,,,0.8,https://hub.fullsail.edu/articles/degree-spotlight-computer-science-bachelors-mobile-development-concentration-at-full-sail-university
university_website,university_page,primary,formal,Top Careers in Web and Mobile App Development - Baker College,Baker College,United States,,article,,0.8,https://www.baker.edu/about/get-to-know-us/blog/top-careers-for-web-and-app-development-graduates
university_website,university_page,primary,formal,Junior Mobile Application Developer - Undergraduate Center for Career ...,Babson College,United States,,,,0.8,https://career.babson.edu/jobs/capgemini-america-inc-junior-mobile-application-developer
university_website,university_page,primary,formal,Topics Course Descriptions | Computer Science,Boston University,United States,,,,0.8,https://www.bu.edu/cs/undergraduate/courses/topics
university_website,university_page,primary,formal,Mobile Application Development with Android | Computer Science,Boston University,United States,,,,0.8,https://www.bu.edu/csmet/academic-programs/courses/cs683
university_website,university_page,primary,formal,Taymaz Davoodi | Computer Science,Boston University,United States,,,,0.8,https://www.bu.edu/cs/profiles/taymaz-davoodi
university_website,university_page,secondary,formal,Mobile Engineering Intern - Android - Center for Career Development ...,Boston University,United States,,,,0.4,https://careers.bu.edu/jobs/open-learning-exchange-mobile-engineering-intern-android-5
university_website,university_page,secondary,formal,Associate Software Engineer - Seeking 2025 & 2026 Grads,Boston University,United States,,,,0.4,https://careers.bu.edu/jobs/veeva-systems-associate-software-engineer-seeking-2025-2026-grads-4
university_website,university_page,primary,formal,Upcoming Events | Bowie State,Bowie State University,United States,,,,0.8,https://bowiestate.edu/academics/colleges/college-of-arts-and-sciences/departments/computer-science/resources-for-students/upcoming-events.php
university_website,university_page,primary,formal,PDF Amir R. Ilkhechi - Brown University,Brown University,United States,,document,,0.8,https://cs.brown.edu/people/ilkhechi/cv.pdf
university_website,university_page,secondary,formal,SASE Caltech,California Institute of Technology,United States,,,,0.4,https://sase.caltech.edu/projects/nupack.html
university_website,university_page,primary,formal,Manveen Kaur | Cal State LA,"California State University, Los Angeles",United States,,,,0.8,https://www.calstatela.edu/faculty/manveen-kaur
university_website,university_page,primary,formal,Entry Level Full-Stack Developer - Career Center | Calvin University,Calvin College,United States,,,,0.8,https://career.calvin.edu/jobs/temple-allen-industries-entry-level-full-stack-developer
university_website,university_page,secondary,formal,The Technology Behind Popular Dating Applications,Capitol Technology University,United States,,article,,0.4,https://www.captechu.edu/blog/technology-behind-popular-dating-applications
university_website,university_page,secondary,formal,CodeMirror: C-like mode,Centenary College of Louisiana,United States,,,,0.4,https://bannerweb.centenary.edu/i/libraries/codemirror/5.48.4/mode/clike/index.html
university_website,university_page,primary,formal,15 Best Programming Languages to Learn for Software Developers,Champlain College,United States,,article,,0.8,https://online.champlain.edu/blog/programming-languages-to-learn-for-software-developers
university_website,university_page,primary,formal,PDF CourseOverview - cs.colby.edu,Colby College,United States,,document,,0.8,https://cs.colby.edu/courses/S26/cs333/notes/CourseOverview.pdf
university_website,university_page,primary,formal,Junior Mobile Application Developer - career.cornell.edu,Cornell University,United States,,,,0.8,https://career.cornell.edu/jobs/capgemini-america-inc-junior-mobile-application-developer
university_website,university_page,primary,formal,PDF lec01-sp22 - Cornell University,Cornell University,United States,,document,,0.8,https://courses.cs.cornell.edu/courses/cs4120/2022sp/lectures/01intro/lec01-sp22.pdf
university_website,university_page,primary,formal,PDF SE310 - Software Design - College of Computing & Informatics,Drexel University,United States,,document,,0.8,https://www.cs.drexel.edu/~aalban/SE310/SE_310_syllabus.pdf
university_website,university_page,primary,formal,Distributed Game Playing in Java I | The Evergreen State College,Evergreen State College,United States,,,,0.8,https://www.evergreen.edu/catalog/offering/distributed-game-playing-in-java-i-51848
university_website,university_page,primary,formal,Chainsaw Before Scalpel: Dependency-Based Pre-processing for Program ...,Georgia Institute of Technology,United States,,,,0.8,https://repository.gatech.edu/server/api/core/bitstreams/56a1341e-d247-4795-bd88-b38c9a5b2937/content
university_website,university_page,primary,formal,PPTX PowerPoint Presentation,Georgia Institute of Technology,United States,,,,0.8,https://faculty.cc.gatech.edu/~adhekne3/cs8803/08_AndroidOverview.pptx
university_website,university_page,secondary,formal,Mobile App Development with Android and Jetpack Compose,Harding University,United States,,,,0.4,https://scholarworks.harding.edu/computer-science-facpub/13
university_website,university_page,secondary,formal,Frank McCown - Publications - Harding,Harding University,United States,,,,0.4,https://sites.harding.edu/fmccown/pubs.html
university_website,university_page,secondary,formal,Gallery of Final Projects - CS50x 2025,Harvard University,United States,,,,0.4,https://cs50.harvard.edu/x/2025/gallery
university_website,university_page,primary,formal,Stratigraphic Distribution of Fossil Organisms in the Upper Vendian ...,Harvard University,United States,,,,0.8,https://ui.adsabs.harvard.edu/abs/2024PalJ...57S.211G/abstract
university_website,university_page,secondary,formal,Error Handling with Monads,Hofstra University,United States,,,,0.4,https://cs.hofstra.edu/~cscccl/csc123/Monads.html
university_website,university_page,primary,formal,"National Competition Enriches, Expands Students' Programming Skills",Illinois Institute of Technology,United States,,article,,0.8,https://www.iit.edu/news/national-competition-enriches-expands-students-programming-skills
university_website,university_page,primary,formal,"Programming, Certificate - Academics - Indiana Tech",Indiana Institute of Technology,United States,,,,0.8,https://academics.indianatech.edu/program/programming-certificate
university_website,university_page,primary,formal,"Degree Program: Programming, Certificate - Indiana Tech",Indiana Institute of Technology,United States,,,,0.8,https://catalog.indianatech.edu/preview_program.php?catoid=18&poid=4554
university_website,university_page,primary,formal,"Degree Program: Programming, Certificate - Indiana Tech",Indiana Institute of Technology,United States,,,,0.8,https://catalog.indianatech.edu/preview_program.php?catoid=20&poid=5070
university_website,university_page,primary,formal,Pro Spring 6 with Kotlin : an in-depth guide to using Kotlin APIs in ...,James Madison University,United States,,,,0.8,https://search.lib.jmu.edu/discovery/fulldisplay/alma991016563615006271/01JMU_INST:01JMU
university_website,university_page,secondary,formal,Mobile Developer - Shipboard Tech - Summer 2026 Intern,Langston University,United States,,,,0.4,https://careers.langston.edu/jobs/carnival-cruise-line-mobile-developer-shipboard-tech-summer-2026-intern
university_website,university_page,secondary,formal,Mobile Engineering Intern - Android - Career Center | Lewis & Clark College,Lewis & Clark College,United States,,,,0.4,https://careercenter.lclark.edu/jobs/open-learning-exchange-mobile-engineering-intern-android
university_website,university_page,primary,formal,CMSI 3802: Programming Language Concepts and Implementation,Loyola Marymount University,United States,,,,0.8,https://cs.lmu.edu/~ray/classes/pl
university_website,university_page,secondary,formal,Coroutines - cs.lmu.edu,Loyola Marymount University,United States,,,,0.4,https://cs.lmu.edu/~ray/notes/coroutines
university_website,university_page,secondary,formal,languagedesignnotes - Loyola Marymount University,Loyola Marymount University,United States,,,,0.4,https://cs.lmu.edu/~ray/notes/languagedesignnotes
university_website,university_page,primary,formal,CMSI 585 Programming Language Foundations: Syllabus,Loyola Marymount University,United States,,,,0.8,https://cs.lmu.edu/~ray/classes/pls/syllabus
university_website,university_page,secondary,formal,diningphilosophers,Loyola Marymount University,United States,,,,0.4,https://cs.lmu.edu/~ray/notes/diningphilosophers
university_website,university_page,primary,formal,The Study of Programming Languages,Loyola Marymount University,United States,,,,0.8,https://cs.lmu.edu/~ray/notes/plstudy
university_website,university_page,secondary,formal,Intermediate Representations,Loyola Marymount University,United States,,,,0.4,https://cs.lmu.edu/~ray/notes/ir
university_website,university_page,secondary,formal,Entities - cs.lmu.edu,Loyola Marymount University,United States,,,,0.4,https://cs.lmu.edu/~ray/notes/entities
university_website,university_page,secondary,formal,securecodingconstructs,Loyola Marymount University,United States,,,,0.4,https://cs.lmu.edu/~ray/notes/securecodingconstructs
university_website,university_page,primary,formal,Dr Meehean - Student-Faculty Projects,Lynchburg College,United States,,,,0.8,https://meehean.lynchburg.edu/student-faculty-projects
university_website,university_page,secondary,formal,Kotlin in Action | mitpressbookstore,Massachusetts Institute of Technology,United States,,,,0.4,https://mitpressbookstore.mit.edu/book/9781617293290
university_website,university_page,secondary,formal,"Kotlin in Action, Second Edition | mitpressbookstore",Massachusetts Institute of Technology,United States,,,,0.4,https://mitpressbookstore.mit.edu/book/9781617299605
university_website,university_page,secondary,formal,Head First Kotlin: A Brain-Friendly Guide | mitpressbookstore,Massachusetts Institute of Technology,United States,,,,0.4,https://mitpressbookstore.mit.edu/book/9781491996690
university_website,university_page,secondary,formal,"⚡ [OS] Bolt CLI — A Modern, Lightning-Fast Extension Compiler with Java ...",Massachusetts Institute of Technology,United States,,forum_thread,,0.4,https://community.appinventor.mit.edu/t/os-bolt-cli-a-modern-lightning-fast-extension-compiler-with-java-kotlin-maven-universal-migration/174086
university_website,university_page,secondary,formal,Kotlin from Scratch: A Project-Based Introduction for the Intrepid ...,Massachusetts Institute of Technology,United States,,,,0.4,https://mitpressbookstore.mit.edu/book/9781718503526
university_website,university_page,secondary,formal,Dan Alistarh,Massachusetts Institute of Technology,United States,,,,0.4,https://dalistarh.csail.mit.edu/
university_website,university_page,secondary,formal,School of Computing - Textbooks,Middle Georgia State College,United States,,,,0.4,https://comp.mga.edu/comp/textbook/3
university_website,university_page,primary,formal,PDF COMPUTER SCIENCE (CS) - Monmouth University,Monmouth University,United States,,document,,0.8,https://catalog.monmouth.edu/undergraduate-catalog/undergraduate-course-descriptions/cs/cs.pdf
university_website,university_page,primary,formal,Junior Mobile Application Developer | Career Development,Monmouth University,United States,,,,0.8,https://www.monmouth.edu/career-development/job/junior-mobile-application-developer
university_website,university_page,primary,formal,Computer Science (CS) | Monmouth University Academic Catalog,Monmouth University,United States,,,,0.8,https://catalog.monmouth.edu/undergraduate-catalog/undergraduate-course-descriptions/cs
university_website,university_page,primary,formal,Software Engineering (SE) | Monmouth University Academic Catalog,Monmouth University,United States,,,,0.8,https://catalog.monmouth.edu/undergraduate-catalog/undergraduate-course-descriptions/se
university_website,university_page,primary,formal,PDF 36x48 PowerPoint Presentation - monmouth.edu,Monmouth University,United States,,document,,0.8,https://www.monmouth.edu/provost/wp-content/uploads/sites/108/2025/03/ParkShark-Mobile-Poster-Andrew-McGovern.pdf
university_website,university_page,primary,formal,PDF Computer Science and Software Engineering - Monmouth University,Monmouth University,United States,,document,,0.8,https://catalog.monmouth.edu/undergraduate-catalog/science/computer-science-software-engineering/computer-science-software-engineering.pdf
university_website,university_page,secondary,formal,Associate Software Engineer - Seeking 2025 & 2026 Grads,Muskingum College,United States,,,,0.4,https://impactcenter.muskingum.edu/jobs/veeva-systems-associate-software-engineer-seeking-2025-2026-grads-2
university_website,university_page,primary,formal,PDF Course Syllabus: CS 388 - Android Application Development,New Jersey Institute of Technology,United States,,document,,0.8,https://archives.njit.edu/vhlib/syllabi/cs/cs-2024-09-01-Fa-2024/CS-388-001-2024-Fall-Toegel.pdf
university_website,university_page,primary,formal,Computer and Information Technology - New Mexico State University ...,New Mexico State University,United States,,,,0.8,https://catalogs.nmsu.edu/dona-ana/academic-career-programs/computer-information-technology
university_website,university_page,primary,formal,Syllabus - course.ccs.neu.edu,Northeastern University,United States,,,,0.8,https://course.ccs.neu.edu/cs2800sp25/syllabus.html
university_website,university_page,primary,formal,PDF rules - Northern Michigan University,Northern Michigan University,United States,,document,,0.8,http://philos.nmu.edu/NMUCONTEST21/rules.pdf
university_website,university_page,secondary,formal,A Brief History of Programming Languages,Old Dominion University,United States,,,,0.4,https://www.cs.odu.edu/~zeil/cs355/live/Public/history/index.html
university_website,university_page,secondary,formal,Vertically Integrated Projects | Electrical Engineering and Computer ...,Oregon State University,United States,,,,0.4,https://engineering.oregonstate.edu/EECS/vip
university_website,university_page,primary,formal,PDF Assignment 2 - faculty.otterbein.edu,Otterbein College,United States,,document,,0.8,http://faculty.otterbein.edu/dstucki/COMP4210/Assign2.pdf
university_website,university_page,primary,formal,The Future of Mobile Application Development and Game Programming,Pace University,United States,,,,0.8,https://online.pace.edu/articles/computer-science/future-mobile-application-development-game-programming
university_website,university_page,primary,formal,What Can You Do With a Master's in Computer Science?,Pace University,United States,,,,0.8,https://online.pace.edu/articles/computer-science/what-can-you-do-with-masters-computer-science
university_website,university_page,primary,formal,Emerging Tech Careers: 20 High-Demand Jobs of the Future,Pace University,United States,,article,,0.8,https://www.pace.edu/news/in-demand-tech-jobs
university_website,university_page,primary,formal,PDF Title,Pacific University,United States,,document,,0.8,https://zeus.cs.pacificu.edu/ryand/cs260/2020/Lectures/01.JDKIntro.IP.pdf
university_website,university_page,primary,formal,Programming Assignment 10: Bar Chart Racer - Princeton University,Princeton University,United States,,,,0.8,https://coursera.cs.princeton.edu/introcs/assignments/barchart/specification.php
university_website,university_page,secondary,formal,How Much Can a Software Engineer Make in Dallas - 2025 Guide,Southern Methodist University,United States,,article,,0.4,https://techpro.smu.edu/blog/how-much-can-a-software-engineer-make-in-dallas---2025-guide
university_website,university_page,primary,formal,Junior Mobile Application Developer - Career 360: Virtual Career Center ...,Southern New Hampshire University,United States,,,,0.8,https://career360.snhu.edu/jobs/capgemini-america-inc-junior-mobile-application-developer
university_website,university_page,secondary,formal,Software Engineer - Career 360: Virtual Career Center SNHU,Southern New Hampshire University,United States,,,,0.4,https://career360.snhu.edu/jobs/veeva-systems-software-engineer
university_website,university_page,primary,formal,Faculty Profile: Kenneth A. Kousen,Trinity College (CT),United States,,,,0.8,https://internet3.trincoll.edu/FacProfiles/Default.aspx?fid=1000576
university_website,university_page,primary,formal,PDF Test Automation in Open-Source Android Apps: A Large-Scale Empirical Study,"University of California, Irvine",United States,,document,,0.8,https://seal.ics.uci.edu/publications/2020_ASE_Empirical.pdf
university_website,university_page,primary,formal,Junior Mobile Application Developer - UCLA | Career Center,"University of California, Los Angeles",United States,,,,0.8,https://career.ucla.edu/jobs/capgemini-america-inc-junior-mobile-application-developer
university_website,university_page,primary,formal,MPCS Courses - University of Chicago,University of Chicago,United States,,,,0.8,https://mpcs-courses.cs.uchicago.edu/2024-25/summer/courses/mpcs-51132-1
university_website,university_page,primary,formal,PDF Next-Generation Refactoring: Combining LLM Insights and IDE ...,University of Colorado at Boulder,United States,,document,,0.8,https://danny.cs.colorado.edu/papers/EM-Assist.pdf
university_website,university_page,primary,formal,Mike Barinek | Office of Academic and Learning Innovation | University ...,University of Colorado at Boulder,United States,,,,0.8,https://www.colorado.edu/ali/faculty-partners/mike-barinek
university_website,university_page,primary,formal,PDF An Overview of the Natural Language Interaction Protocol,University of Delaware,United States,,document,,0.8,https://www.eecis.udel.edu/~mlm/docs/2025-Aiyagari-AAAI-25-AnOverviewOfTheNaturalLanguageInteractionProtocol-Workshop.pdf
university_website,university_page,primary,formal,Top Programming Languages to Learn in 2025 (and Beyond),University of Florida,United States,,article,,0.8,https://careerhub.ufl.edu/blog/2025/10/13/top-programming-languages-to-learn-in-2025-and-beyond
university_website,university_page,secondary,formal,A Hidden Digital Text Watermarking Method Using Unicode Whitespace ...,University of Hawaii at Manoa,United States,,,,0.4,https://scholarspace.manoa.hawaii.edu/server/api/core/bitstreams/0f11e4d3-625e-4840-971c-24808e9499a8/content
university_website,university_page,secondary,formal,Yongwook Song - Center for Computational Sciences,University of Kentucky,United States,,,,0.4,https://www.ccs.uky.edu/about-ccs/staff-directory/yongwook-song
university_website,university_page,secondary,formal,CRoME Team | UK College of Pharmacy,University of Kentucky,United States,,,,0.4,https://pharmacy.uky.edu/crome/crome-team
university_website,university_page,secondary,formal,Dev10 Entry Level Software Developer - pigmancareers.uky.edu,University of Kentucky,United States,,,,0.4,https://pigmancareers.uky.edu/jobs/dev10-dev10-entry-level-software-developer-6
university_website,university_page,secondary,formal,Repo for team 388NLS · Topics,"University of Maryland, College Park",United States,,,,0.4,https://gitlab.cs.umd.edu/explore/projects/topics/Repo%20for%20team%20388NLS?language=39&sort=latest_activity_desc
university_website,university_page,secondary,formal,Repo for team Robust Barrier · Topics,"University of Maryland, College Park",United States,,,,0.4,https://gitlab.cs.umd.edu/explore/projects/topics/Repo%20for%20team%20Robust%20Barrier?language=39&sort=latest_activity_desc
university_website,university_page,primary,formal,"CMSC 436, Fall 2023 -- Home","University of Maryland, College Park",United States,,,,0.8,https://www.cs.umd.edu/class/fall2023/cmsc436/resources.html
university_website,university_page,primary,formal,ANDROID PROGRAMMING,"University of Maryland, College Park",United States,,document,,0.8,http://www.cs.umd.edu/class/spring2019/cmsc434-02XX-03XX/TriviaGame-Android.pdf
university_website,university_page,secondary,formal,Repo for team Secure Equinox · Topics,"University of Maryland, College Park",United States,,,,0.4,https://gitlab.cs.umd.edu/explore/projects/topics/Repo%20for%20team%20Secure%20Equinox?language=39&sort=latest_activity_asc
university_website,university_page,primary,formal,Android Study Jam: Session 1,"University of Maryland, College Park",United States,,,,0.8,https://terplink.umd.edu/event/7647235
university_website,university_page,primary,formal,Computer Science - Testudo - University of Maryland,"University of Maryland, College Park",United States,,,,0.8,https://app.testudo.umd.edu/soc/202501/CMSC/CMSC436
university_website,university_page,primary,formal,"CMSC 436, Fall2022 -- Home","University of Maryland, College Park",United States,,,,0.8,https://www.cs.umd.edu/class/fall2022/cmsc436/syllabus.html
university_website,university_page,primary,formal,EECS 498§002 Mobile App Design and Development,University of Michigan - Ann Arbor,United States,,,,0.8,https://eecs441.eecs.umich.edu/
university_website,university_page,primary,formal,Eecs 498-008,University of Michigan - Ann Arbor,United States,,,,0.8,https://reactive.eecs.umich.edu/
university_website,university_page,secondary,formal,JetBrains IDE tools | U-M Software Directory,University of Michigan - Ann Arbor,United States,,,,0.4,https://software.umich.edu/titles/jetbrains-ide-tools
university_website,university_page,primary,formal,Media Arts (MART) | University of Montana Academic Catalog,University of Montana,United States,,,,0.8,https://catalog.umt.edu/courses/mart
university_website,university_page,secondary,formal,Journals // Robert Dyer // UNL,"University of Nebraska, Lincoln",United States,,,,0.4,https://cse.unl.edu/~rdyer/by-kind/journals
university_website,university_page,secondary,formal,Conference Papers // Robert Dyer // UNL,"University of Nebraska, Lincoln",United States,,,,0.4,https://cse.unl.edu/~rdyer/by-kind/conference-papers
university_website,university_page,primary,formal,490 Syllabus - CSCE 490/492 Capstone Computing Project Class,University of South Carolina,United States,,,,0.8,https://capstone.cse.sc.edu/490syllabus
university_website,university_page,primary,formal,Advisement FAQ | My Computer Science and Engineering Department,University of South Carolina,United States,,,,0.8,https://www.cse.sc.edu/undergraduate/advisement
university_website,university_page,primary,formal,492 Syllabus - CSCE 490/492 Capstone Computing Project Class,University of South Carolina,United States,,,,0.8,https://capstone.cse.sc.edu/492syllabus
university_website,university_page,secondary,formal,BellyBuddy - CSE Senior Design,University of Texas at Arlington,United States,,,,0.4,https://websites.uta.edu/cseseniordesign/2026/05/04/bellybuddy
university_website,university_page,primary,formal,CS 371M Mobile Computing (Android Programming),The University of Texas at Austin,United States,,,,0.8,https://www.cs.utexas.edu/~witchel/371M/index.html
university_website,university_page,primary,formal,Mobile Computing with Android,The University of Texas at Austin,United States,,,,0.8,https://www.cs.utexas.edu/~witchel/371M/schedule.html
university_website,university_page,primary,formal,Syllabus and Schedule CS 395T Android Programming,The University of Texas at Austin,United States,,,,0.8,https://utdirect.utexas.edu/apps/student/coursedocs/nlogon/download/10520338
university_website,university_page,secondary,formal,Technical Project Manager Intern (Mobile App Development - Kotlin ...,University of Texas Permian Basin,United States,,,,0.4,https://careers.utpb.edu/jobs/trisphere-apps-technical-project-manager-intern-mobile-app-development-kotlin
university_website,university_page,secondary,formal,TRISPHERE APPS - Jobs - Career Services | University of Texas Permian Basin,University of Texas Permian Basin,United States,,,,0.4,https://careers.utpb.edu/companies/trisphere-apps/jobs
university_website,university_page,secondary,formal,Get a Job at Tesla: Interview Process and Top Questions,University of Texas Permian Basin,United States,,article,,0.4,https://careers.utpb.edu/blog/2026/05/18/get-a-job-at-tesla-interview-process-and-top-questions
university_website,university_page,primary,formal,PDF java2020.ps java2020,University of Utah,United States,,document,,0.8,https://ftp.math.utah.edu/pub/tex/bib/java2020.pdf
university_website,university_page,secondary,formal,CodeMirror: Kotlin mode,Virginia Tech,United States,,,,0.4,https://www.vt.edu/local_assets/www.assets.cms.vt.edu/js/codemirror/archives/4.5/mode/kotlin/index.html
university_website,university_page,primary,formal,Kotlin vs. Java,Virginia Tech,United States,,document,,0.8,https://courses.cs.vt.edu/cs3304/fall20meng/lecture_notes/Group-1.pdf
university_website,university_page,secondary,formal,Deep Equals in Kotlin ($146) · Snippets,Virginia Tech,United States,,,,0.4,https://code.vt.edu/-/snippets/146
university_website,university_page,secondary,formal,Code · Topics · GitLab,Virginia Tech,United States,,,,0.4,https://git.cs.vt.edu/explore/projects/topics/Code?language=9&sort=masked_sort
university_website,university_page,secondary,formal,esh · Topics · GitLab,Virginia Tech,United States,,,,0.4,https://git.cs.vt.edu/explore/projects/topics/esh?language=9&sort=name_desc
university_website,university_page,secondary,formal,CS_2104 · Topics · GitLab,Virginia Tech,United States,,,,0.4,https://git.cs.vt.edu/explore/projects/topics/CS_2104?language=9&sort=name_asc
university_website,university_page,secondary,formal,threads · Topics · GitLab,Virginia Tech,United States,,,,0.4,https://git.cs.vt.edu/explore/projects/topics/threads?language=9&sort=latest_activity_asc
university_website,university_page,secondary,formal,Sensor · Topics · GitLab,Virginia Tech,United States,,,,0.4,https://gitlab.vtti.vt.edu/explore/projects/topics/Sensor?language=14&sort=created_asc
university_website,university_page,secondary,formal,3D Semantic Segmentation · Topics · GitLab,Virginia Tech,United States,,,,0.4,https://gitlab.vtti.vt.edu/explore/projects/topics/3D%20Semantic%20Segmentation?language=14&sort=name_desc
university_website,university_page,secondary,formal,teaching · Topics,Virginia Tech,United States,,,,0.4,https://code.vt.edu/explore/projects/topics/teaching?language=51&sort=latest_activity_asc
university_website,university_page,primary,formal,Entry Level Full-Stack Developer - Career & Professional Development ...,Western Governors University,United States,,,,0.8,https://careers.wgu.edu/jobs/temple-allen-industries-entry-level-full-stack-developer
university_website,university_page,primary,formal,Mobile Software Research and Development Postgraduate Fellowship,Western Governors University,United States,,,,0.8,https://careers.wgu.edu/jobs/oak-ridge-institute-for-science-and-education-mobile-software-research-and-development-postgraduate-fellowship
university_website,university_page,secondary,formal,Careers at WGU | Apply for Software Engineer II - Mobile,Western Governors University,United States,,,,0.4,https://jobs.wgu.edu/software-engineer-ii-mobile/job/P1-6023202-0
university_website,university_page,secondary,formal,Tool Training Workshops - Wichita State University,Wichita State University,United States,,,,0.4,https://www.wichita.edu/academics/engineering/experience/project-innovation-hub/tool-training-workshops.php
university_website,university_page,primary,formal,PDF Type de Licence - univ-blida.dz,Université de Blida,Algeria,,document,,0.8,https://www.univ-blida.dz/wp-content/uploads/2025/11/Amendement-formation-Master-SSI_2024.pdf
university_website,university_page,secondary,formal,РОССИЙСКО-АРМЯНСКИЙ УНИВЕРСИТЕТ,Russian-Armenian (Slavonic) State University,Armenia,,article,,0.4,https://rau.am/en/news/kubok-nezavisimosti-2024
university_website,university_page,secondary,formal,РОССИЙСКО-АРМЯНСКИЙ УНИВЕРСИТЕТ,Russian-Armenian (Slavonic) State University,Armenia,,article,,0.4,https://rau.am/news/olimp-Yeghiazaryan
university_website,university_page,secondary,formal,РОССИЙСКО-АРМЯНСКИЙ УНИВЕРСИТЕТ,Russian-Armenian (Slavonic) State University,Armenia,,,,0.4,https://rau.am/event/olympiad-eghiazaryan-2026
university_website,university_page,secondary,formal,РОССИЙСКО-АРМЯНСКИЙ УНИВЕРСИТЕТ,Russian-Armenian (Slavonic) State University,Armenia,,,,0.4,https://rau.am/am/event/kubok-nezavisimosti-24
university_website,university_page,secondary,formal,РОССИЙСКО-АРМЯНСКИЙ УНИВЕРСИТЕТ,Russian-Armenian (Slavonic) State University,Armenia,,article,,0.4,https://science.rau.am/post/3630599172-v-rau-podveli
university_website,university_page,secondary,formal,Российско-армянский Университет - Rau,Russian-Armenian (Slavonic) State University,Armenia,,article,,0.4,https://rau.am/am/news/Yeghiazaryan-cup
university_website,university_page,secondary,formal,РОССИЙСКО-АРМЯНСКИЙ УНИВЕРСИТЕТ,Russian-Armenian (Slavonic) State University,Armenia,,article,,0.4,https://rau.am/news/olympiad-eghiazaryan-2026
university_website,university_page,secondary,formal,Frequently asked questions - ANU QRNG,Australian National University,Australia,,,,0.4,https://qrng.anu.edu.au/contact/faq
university_website,university_page,secondary,formal,Computing internship - Mapbox Tile Engine | ANU School of Computing,Australian National University,Australia,,,,0.4,https://comp.anu.edu.au/study/projects/computing-internship-mapbox-tile-engine
university_website,university_page,secondary,formal,Feria virtual,Universidad NUR,Bolivia,,,,0.4,https://feria.nur.edu/project/jH5BkoqD_0I
university_website,university_page,secondary,formal,Innovación con propósito: estudiantes de Unifranz crean ...,Universidad Privada Franz Tamayo (UNIFRANZ),Bolivia,,article,,0.4,https://unifranz.edu.bo/pt/blog/innovacion-con-proposito-estudiantes-crean-app-de-taxis-para-viajes-seguros-de-mujeres
university_website,university_page,secondary,formal,"Innovar, emprender y transformar: el poder de aprender ...",Universidad Privada Franz Tamayo (UNIFRANZ),Bolivia,,article,,0.4,https://unifranz.edu.bo/pt/blog/innovar-emprender-y-transformar-el-poder-de-aprender-haciendo-en-unifranz
university_website,university_page,secondary,formal,"Universitarios crean “Ladys On Go”, app de taxis exclusiva ...",Universidad Privada Franz Tamayo (UNIFRANZ),Bolivia,,article,,0.4,https://unifranz.edu.bo/pt/blog/universitarios-presentan-ladys-on-go-app-de-taxis-exclusiva-para-conductoras-y-pasajeras-mujeres
university_website,university_page,primary,formal,PDF Aplicativo Móvel Integrado a Anel e pulseira Inteligente para ...,Universidade Federal do Ceará,Brazil,,document,,0.8,https://repositorio.ufc.br/bitstream/riufc/82804/1/2025_tcc_gcsilva.pdf
university_website,university_page,primary,formal,PDF Desenvolvimento De Aplicações Android Adaptáveis Utilizando a Linguagem ...,Universidade Federal de Ouro Preto,Brazil,,document,,0.8,https://www.monografias.ufop.br/bitstream/35400000/3042/6/MONOGRAFIA_DesenvolvimentoAplica%C3%A7%C3%B5esAndroid.pdf
university_website,university_page,secondary,formal,DOC professor.ufop.br,Universidade Federal de Ouro Preto,Brazil,,,,0.4,https://professor.ufop.br/sites/default/files/george/files/2019-1_plano_de_ensino_csi401.doc
university_website,university_page,primary,formal,PDF Thiago Santos - Curriculum Vitae,Universidade Federal de Ouro Preto,Brazil,,document,,0.8,https://professor.ufop.br/sites/default/files/santostf/files/cv-english_0.pdf
university_website,university_page,primary,formal,PDF Desenvolvimentodeumaplicativo paracontrolefinanceiropessoal ... - UFOP,Universidade Federal de Ouro Preto,Brazil,,document,,0.8,https://monografias.ufop.br/bitstream/35400000/3134/6/Monografia_DesenvolvimentoAplicativoControle.pdf
university_website,university_page,primary,formal,PDF Comparative study of techniques for detecting emulators on Android devices,Universidade Federal de Pernambuco,Brazil,,document,,0.8,https://www.cin.ufpe.br/~tg/2022-1/tg_CC/tg_lccao.pdf
university_website,university_page,primary,formal,PDF Integração e Entrega Contínua para aplicações,Universidade Federal de Pernambuco,Brazil,,document,,0.8,https://www.cin.ufpe.br/~tg/2018-2/TG_SI/pjsn.pdf
university_website,university_page,secondary,formal,Desenvolvimento para Dispositivos Móveis - Portal das Disciplinas IMD,Universidade Federal do Rio Grande do Norte,Brazil,,,,0.4,https://portaldasdisciplinas.imd.ufrn.br/disciplinas/48
university_website,university_page,primary,formal,Киберсигурност - ТУ - София,Technical University of Sofia,Bulgaria,,,,0.8,https://tu-sofia.bg/department/preview/27?dep_id=90
university_website,university_page,primary,formal,PDF Comparative study Java vs Kotlin,Technical University of Sofia,Bulgaria,,document,,0.8,https://e-university.tu-sofia.bg/e-publ/files/5326_Gotseva%2C%20Tomov%2C%20Danov%20-%20Comparative%20study%20Java%20vs%20Kotlin.pdf
university_website,university_page,secondary,formal,Детайли за публикация от базата данни на ТУ - София (Publication Details),Technical University of Sofia,Bulgaria,,,,0.4,https://e-university.tu-sofia.bg/e-publ/search-det.php?id=5326
university_website,university_page,primary,formal,Компютърни системи - ТУ - София,Technical University of Sofia,Bulgaria,,,,0.8,https://tu-sofia.bg/department/preview/27?dep_id=31
university_website,university_page,primary,formal,PDF Europass CV - tu-sofia.bg,Technical University of Sofia,Bulgaria,,document,,0.8,https://www.tu-sofia.bg/imgResearchers/33/cv_bg/Gotseva%20ENG.pdf
university_website,university_page,primary,formal,PDF 13-kotlin-multiplatform-slides.key - University of Waterloo,University of Waterloo,Canada,,document,,0.8,https://student.cs.uwaterloo.ca/~cs398/1-syllabus/2-weekly-schedule/lectures/13-kotlin-multiplatform-slides.pdf
university_website,university_page,primary,formal,PDF 10-02-async-programming-slides.key,University of Waterloo,Canada,,document,,0.8,https://student.cs.uwaterloo.ca/~cs398/1-syllabus/2-weekly-schedule/lectures/10-02-async-programming-slides.pdf
university_website,university_page,primary,formal,Syllabus :: CS 398,University of Waterloo,Canada,,,,0.8,https://student.cs.uwaterloo.ca/~cs398/1-syllabus
university_website,university_page,primary,formal,Werner Dietl at the University of Waterloo,University of Waterloo,Canada,,,,0.8,https://ece.uwaterloo.ca/~wdietl
university_website,university_page,secondary,formal,Posts | Jeff Avery,University of Waterloo,Canada,,,,0.4,https://cs.uwaterloo.ca/~j2avery/posts
university_website,university_page,secondary,formal,Software | POM Research Lab,University of Windsor,Canada,,,,0.4,https://www.uwindsor.ca/pomresearchlab/374/software
university_website,university_page,primary,formal,src/main/kotlin/cz/fit/cvut · master - Jan Klička - FIT GitLab,Czech Technical University of Prague,Czech Republic,,,,0.8,https://gitlab.fit.cvut.cz/klickjan/kotlin-lab/-/tree/master/src/main/kotlin/cz/fit/cvut?ref_type=heads
university_website,university_page,primary,formal,[PDF] ROZVRH HODIN 2 - Fakulta rybářství a ochrany vod,University of South Bohemia,Czech Republic,,document,,0.8,https://www.frov.jcu.cz/images/FROV/FROV-EN/documents/deans-measure/decision_of_dean_15_2013.pdf
university_website,university_page,primary,formal,Transformace Android Aplikace z Javy do Kotlinu,University of Economics Prague,Czech Republic,,,,0.8,https://vskp.vse.cz/75835_transformace-android-aplikace-z-javy-do-kotlinu??page=101
university_website,university_page,primary,formal,COPLAS talk: Systems and Programming Languages,University of Copenhagen,Denmark,,,,0.8,https://di.ku.dk/english/events/event-calendar-2026/coplas-talk-systems-and-programming-languages/
university_website,university_page,primary,formal,Course list - IT University of Copenhagen,IT University of Copenhagen,Denmark,,,,0.8,https://en.itu.dk/Programmes/International-students/Exchange-students/Course-list/
university_website,university_page,primary,formal,Android Apps Development with Kotlin - Training Course Details,Arab Academy for Science & Technology,Egypt,,,,0.8,https://aast.edu/en/training-courses/trainingcourse.php?course=4T4477
university_website,university_page,primary,formal,CATÁLOGO,Universidad Capitain General Gerardo Barrios,El Salvador,,document,,0.8,https://ugb.edu.sv/wp-content/download/pdf/Catalogo2024.pdf
university_website,university_page,primary,formal,UNIVERSIDAD GERARDO BARRIOS,Universidad Capitain General Gerardo Barrios,El Salvador,,document,,0.8,https://ugb.edu.sv/wp-content/download/pdf/catalogo2023.pdf
university_website,university_page,primary,formal,"Introduction to Kotlin | Study Guide, Diak AMK",Diaconia University of Applied Sciences,Finland,,,,0.8,https://opinto-opas.diak.fi/realization/C-10065-TT00EM36-3039?lang=en
university_website,university_page,primary,formal,"Information Technology, Bachelor's Degree | Metropolia UAS",Metropolia University of Applied Sciences,Finland,,,,0.8,https://www.metropolia.fi/en/study-at-metropolia/bachelors-degrees/information-technology
university_website,university_page,primary,formal,Open UAS: NonStop Virtual Studies - Metropolia Ammattikorkeakoulu,Metropolia University of Applied Sciences,Finland,,,,0.8,https://www.metropolia.fi/en/study-at-metropolia/open-university/nonstop-virtual-studies-information-and-communication-technology
university_website,university_page,primary,formal,All courses | eCampus,Ecole Nationale Supérieure des Mines de St-Etienne,France,,,,0.8,https://ecampus.emse.fr/course/index.php?categoryid=151&lang=en
university_website,university_page,primary,formal,Quentin Aristote / Kotlin Typer · GitLab - Explore projects - ENS,Ecole Normale Supérieure de Paris,France,,,,0.8,https://git.eleves.ens.fr/qaristote/kotlin-compiler
university_website,university_page,primary,formal,Programmation mobile - Catalogue des formations - Univ Strasbourg,Université de Strasbourg,France,,,,0.8,https://formations.unistra.fr/fr/formations/licence-LIG/licence-informatique-ME6/informatique-PR9/ue-informatique-LJGXIKH8/programmation-mobile-EN26112.html
university_website,university_page,primary,formal,KOTLIN course for ISU students - ILIA STATE UNIVERSITY,Ilia Chavchavadze State University,Georgia,,,,0.8,https://iliauni.edu.ge/en/siaxleebi-8/gonisdziebebi-346/kotlin-course-for-isu-students.page
university_website,university_page,primary,formal,News for students - ILIA STATE UNIVERSITY,Ilia Chavchavadze State University,Georgia,,,,0.8,https://iliauni.edu.ge/en/studentebistvis/siaxleebi-studentebistvis-432/0/36
university_website,university_page,primary,formal,Events - ILIA STATE UNIVERSITY,Ilia Chavchavadze State University,Georgia,,,,0.8,https://iliauni.edu.ge/en/siaxleebi-8/gonisdziebebi-346/0/368
university_website,university_page,primary,formal,Ranjith Krishnamurthy - Contact | Paderborn University,Theologische Fakultät Paderborn,Germany,,,,0.8,https://www.uni-paderborn.de/en/person/78060
university_website,university_page,primary,formal,[PDF] Programmieren 2 Einführung,Technische Universität Carolo-Wilhelmina zu Braunschweig,Germany,,document,,0.8,https://graphics.tu-bs.de/upload/teaching/ss21/programmieren2/Programmieren2_Folien.pdf
university_website,university_page,primary,formal,Language Design: Internals of Kotlin - TUM,Technische Universität München,Germany,,,,0.8,https://www.cs.cit.tum.de/pl/lehre/sommersemester-23/seminare/language-design-internals-of-kotlin/
university_website,university_page,primary,formal,Bachelor's Practical course - Kotlin (IN0012) - TUM,Technische Universität München,Germany,,,,0.8,https://www.cs.cit.tum.de/en/pl/lehre/wintersemester-2122/praktika/bachelors-practical-course-kotlin-in0012/
university_website,university_page,primary,formal,[PDF] Programmiersprachen Vorlesung 1 vom 16.10.23 Einführung,Universität Bremen,Germany,,document,,0.8,https://user.informatik.uni-bremen.de/clueth/lehre/ps.ws23/lectures/slides-all.pdf
university_website,university_page,primary,formal,Research - AQUA - TU Dortmund,Technische Universität Dortmund,Germany,,,,0.8,https://aqua.cs.tu-dortmund.de/research/
university_website,university_page,primary,formal,Master-Praktikum: Mobile Application Development (WiSe 2025/26),Ludwig-Maximilians-Universität München,Germany,,,,0.8,https://www.tcs.ifi.lmu.de/teaching/courses-ws-2025-26/mobile-application-development
university_website,university_page,primary,formal,Programme | Universität Trier,Universität Trier,Germany,,,,0.8,https://www.uni-trier.de/universitaet/fachbereiche-faecher/fachbereich-ii/faecher/computerlinguistik-und-digital-humanities/fachschaft-codipho/downloads
university_website,university_page,primary,formal,Details for: Android Programming with Kotlin For Beginners Build ...,Kumasi Technical University,Ghana,,,,0.8,https://catalogue.kstu.edu.gh/cgi-bin/koha/opac-detail.pl?biblionumber=2375&shelfbrowse_itemnumber=5269
university_website,university_page,primary,formal,Program Structure | Athens University of Economics and Business,Athens University of Economics and Business,Greece,,,,0.8,https://www.dept.aueb.gr/en/digitaltransformation/content/program-structure-0
university_website,university_page,primary,formal,Page 54 - SYU Prospectus - Hong Kong Shue Yan University,Hong Kong Shue Yan University,Hong Kong,,,,0.8,https://www.hksyu.edu/flipbook/prospectus2021-22/files/basic-html/page54.html
university_website,university_page,primary,formal,Green Tomato – Job Vacancies 1. Developer (Backend),Hong Kong Metropolitan University,Hong Kong,,document,,0.8,https://www.hkmu.edu.hk/SAO/Job%20Fair/2022/44_Green%20Tomato%20Limited_New.pdf
university_website,university_page,primary,formal,HKAI Lab Portfolio Companies - JDs,Hong Kong Metropolitan University,Hong Kong,,document,,0.8,https://www.hkmu.edu.hk/SAO/career/HKAI%20Lab%20Portfolio%20Companies_JD_Summary_20230309.pdf
university_website,university_page,primary,formal,PROGRAMME ABSTRACTS OF PAPERS,Hong Kong Metropolitan University,Hong Kong,,document,,0.8,https://www.hkmu.edu.hk/URC/icoie2023_programme_book.pdf
university_website,university_page,primary,formal,Kotlin alapú szoftverfejlesztés (VIAUAV41) - BME AUT,Budapest University of Technology and Economics,Hungary,,,,0.8,https://www.aut.bme.hu/Course/kotlin
university_website,university_page,primary,formal,Hello Kotlin!!! | Faculty of Informatics,University of Debrecen,Hungary,,,,0.8,https://inf.unideb.hu/en/news/hello-kotlin
university_website,university_page,primary,formal,Features in Modern Programming Languages,Amrita Vishwa Vidyapeetham,India,,,,0.8,https://www.amrita.edu/course/btech-features-in-modern-programming-languages/
university_website,university_page,primary,formal,faculty - Dr KARTHIKEYAN H - CHRIST UNIVERSITY,Christ University,India,,,,0.8,https://christuniversity.in/computer-science-and-engineering/faculty-details/MjQ5Mw==/NzI=
university_website,university_page,primary,formal,[PDF] As per Choice Based Credit System - DAV University,Dav University,India,,document,,0.8,https://davuniversity.org/images/files/2020/BCA_2020.pdf
university_website,university_page,primary,formal,Mechanical Engineering Colleges in Ahmedabad - Indus University,Indus University,India,,,,0.8,https://indusuni.ac.in/webinar-on-android-json-api-using-kotlin/
university_website,university_page,primary,formal,Dr. Rajesh Kumar Maurya - Mumbai - NMIMS Mathematics,Narsee Monjee Institute of Management Studies,India,,,,0.8,https://mathematics.nmims.edu/faculty-and-research/faculty/rajesh-kumar-maurya/
university_website,university_page,primary,formal,[PDF] btech-ce-syllabus-2025.pdf - PDEU,Pandit Deendayal Energy University,India,,document,,0.8,https://api.pdeu.ac.in/pdpu/resources/btech-ce-syllabus-2025.pdf
university_website,university_page,primary,formal,Android Study Jam | PES University,PES University,India,,,,0.8,https://news.pes.edu/10714/
university_website,university_page,primary,formal,Android Study Jams | PES University,PES University,India,,,,0.8,https://news.pes.edu/10481/
university_website,university_page,primary,formal,[PDF] CS-31: Mobile Application Development In Android Using Kotlin,Saurashtra University,India,,document,,0.8,https://qp.saurashtrauniversity.edu/PDF_DATAFILES/2022/BCA/MARCH/SEM-6/BCA%20SEM-6(2019)%20March-2022%20%20CS-31%20MOBILE%20APP.DEV.%20IN%20ANDROID%20USING%20KOTLIN.pdf
university_website,university_page,primary,formal,[PDF] CamScanner 11-08-2023 09.03 - Thiagarajar College of Engineering,Thiagarajar College of Engineering,India,,document,,0.8,https://tce.edu/sites/default/files/naac/criteria-1/1.4/feedback/Alumni/it-alumni.pdf
university_website,university_page,primary,formal,(Credits - 03) Android App Development with Kotlin Essentials,Visvesvaraya Technological University,India,,,,0.8,https://online.vtu.ac.in/v1/course-details/Credits-03-Android-App-Development-with-Kotlin-Essentials-App-development-Skills
university_website,university_page,primary,formal,Android App Development with Kotlin - online.vtu.ac.in. To,Visvesvaraya Technological University,India,,,,0.8,https://online.vtu.ac.in/v1/course-details/Android-App-Development-with-Kotlin
university_website,university_page,primary,formal,CIRCULAR – Nomination of Faculty for “Train the Trainer” ( TTT ...,Visvesvaraya Technological University,India,,,,0.8,https://vtu.ac.in/en/2020/07/18905/
university_website,university_page,primary,formal,Digital Library - Perpustakaan Digital - Digilib ITB,Institut Teknologi Bandung,Indonesia,,,,0.8,https://digilib.itb.ac.id/gdl/view_data/deteksi-bad-smell-code-kotlin-pada-aplikasi-android-menggunakan-program-structure-interface/?rows=758&per_page=161
university_website,university_page,primary,formal,Seri Tutorial Android Studio (Bagian 3: Logika Kotlin,Universitas Negeri Surabaya,Indonesia,,,,0.8,https://pendidikan-matematika.fmipa.unesa.ac.id/post/seri-tutorial-android-studio-bagian-3-logika-kotlin-menghidupkan-kalkulator
university_website,university_page,primary,formal,[PDF] Kotlin In Action,Universitas Riau,Indonesia,,document,,0.8,https://jistdev.unri.ac.id/goto/2158O5P/161738230626/kotlin-in__action.pdf
university_website,university_page,primary,formal,Kotlin Language for Java Developers - Beasiswa USM,Universitas Semarang,Indonesia,,,,0.8,https://beasiswa.usm.ac.id/courses/kotlin-for-java-developers/
university_website,university_page,primary,formal,SVILUPPO ANDROID E RETI 5G - polimi,Polytechnic Institute of Milan,Italy,,,,0.8,https://www.polimi.it/formazione/formazione-oltre-la-laurea/master-universitari-e-corsi-post-laurea/dettaglio-master/419
university_website,university_page,primary,formal,[PDF] Kotlin - Unibo,University of Bologna,Italy,,document,,0.8,https://dav.students.cs.unibo.it/laboratorio-di-applicazioni-mobili/lucidi/android/2024/03-kotlin.pdf
university_website,university_page,primary,formal,[PDF] Alma Mater Studiorum Università di Bologna Archivio istituzionale ...,University of Bologna,Italy,,document,,0.8,https://cris.unibo.it/bitstream/11585/950535/4/paper-2023-paams-kotlin-bdi%20%282%29.pdf
university_website,university_page,primary,formal,PROGRAMMING MOBILE - Genova - Corsi di Studio UniGe,University of Genoa,Italy,,,,0.8,https://corsi.unige.it/en/off.f/2025/ins/83915
university_website,university_page,primary,formal,COMPUTER TECHNOLOGIES ENGINEERING | University of Parma,University of Parma,Italy,,,,0.8,https://www.corsi.unipr.it/en/ugov/degreecourse/257589
university_website,university_page,primary,formal,Summary of Programmazione Avanzata - Kotlin e Android ... - UniTo,University of Turin,Italy,,,,0.8,https://master.i-learn.unito.it/course/info.php?id=156
university_website,university_page,primary,formal,Training Course Details - Arab Open University,Arab Open University,Jordan,,,,0.8,https://www.aou.edu.jo/centers/training/Pages/trainingcourse-item.aspx?iid=6
university_website,university_page,primary,formal,2017/2018 Semester : First ( Course Syll,Applied Science University,Jordan,,document,,0.8,https://www.asu.edu.jo/ar/it/cs/Documents/%D9%84%D8%BA%D8%A9%20%D8%A8%D8%B1%D9%85%D8%AC%D8%A9%20%D9%85%D8%AE%D8%AA%D8%A7%D8%B1%D8%A9.pdf
university_website,university_page,primary,formal,GJU Organizes an Introductory Session on the “JoCodes – Jordan ...,German Jordanian University,Jordan,,,,0.8,https://gju.edu.jo/news/gju-organizes-introductory-session-%E2%80%9Cjocodes-%E2%80%93-jordan-programmers%E2%80%9D-22150
university_website,university_page,primary,formal,Jadara University,Jadara University,Jordan,,,,0.8,https://www.jadara.edu.jo/eng/departments.php?type=mod_profile&stid=10187&dptid=167
university_website,university_page,primary,formal,CE385: MAD,Charotar University of Science and Technology,India,,,,0.8,https://sites.google.com/charusat.ac.in/mobile-application/home
university_website,university_page,primary,formal,"[PDF] RTU Course ""Introduction to Programming Languages""",Riga Technical University,Latvia,,document,,0.8,https://stud.rtu.lv/rtu/discpub/printDiscEn.32103/RTC409_Introduction_to_Programming_Languages.pdf
university_website,university_page,primary,formal,Nothing is Impossible at SEGi – SEGi College Kuala Lumpur,Segi University College,Malaysia,,,,0.8,https://colleges.segi.edu.my/kualalumpur/nothing-is-impossible-at-segi/
university_website,university_page,primary,formal,Bright Minds - Course Management Application,Tunku Abdul Rahman University of Management and Technology,Malaysia,,,,0.8,https://eprints.tarc.edu.my/26087/
university_website,university_page,primary,formal,[PDF] Copyright@FTSM UKM,Universiti Kebangsaan Malaysia,Malaysia,,document,,0.8,https://ftsm.ukm.my/v6/public/assets/file/technicalreport/A197895_TReport.pdf
university_website,university_page,primary,formal,Kotlin Language for Java Developers – UMSNH,Universidad Michoacana de San Nicolás de Hidalgo,Mexico,,,,0.8,https://umich.mx/courses/kotlin-for-java-developers/
university_website,university_page,primary,formal,Web Development - UMSNH,Universidad Michoacana de San Nicolás de Hidalgo,Mexico,,,,0.8,https://umich.mx/course_category/web-development/
university_website,university_page,primary,formal,[PDF] Mobile app development - Inholland,Hogeschool Inholland,Netherlands,,document,,0.8,https://www.inholland.nl/media/20744/2021-folder-mobile.pdf
university_website,university_page,primary,formal,[PDF] Mobile Development Course guide 2023-2024 - Inholland,Hogeschool Inholland,Netherlands,,document,,0.8,https://www.inholland.nl/media/g3epzbc4/haa-mobile-development-it-23-24.pdf
university_website,university_page,primary,formal,Understanding Concurrency Bugs in Real-World Programs with ...,Delft University of Technology,Netherlands,,,,0.8,https://research.tudelft.nl/en/publications/understanding-concurrency-bugs-in-real-world-programs-with-kotlin/
university_website,university_page,primary,formal,Use it or Lose it: A Kotlin Static Analysis for Identifying Unused Values,Utrecht University,Netherlands,,,,0.8,https://studenttheses.uu.nl/handle/20.500.12932/48506
university_website,university_page,primary,formal,"Replication package for ""How does Migrating to Kotlin Impact the ...",Vrije Universiteit Amsterdam,Netherlands,,,,0.8,https://research.vu.nl/en/datasets/replication-package-for-how-does-migrating-to-kotlin-impact-the-r/
university_website,university_page,primary,formal,Programación con Kotlin | Departamento de Posgrado y Educación ...,Universidad Nacional de Ingenieria,Nicaragua,,,,0.8,https://posgrado.uni.edu.ni/cursos-de-especializacion/computacion-y-sistemas/programacion-con-kotlin/
university_website,university_page,primary,formal,Kotlin Language for Java Developers – Benson Idahosa University,Benson Idahosa University,Nigeria,,,,0.8,https://biu.edu.ng/courses/kotlin-for-java-developers/
university_website,university_page,primary,formal,Kotlin Language for Java Developers - Civil Engineering,Obafemi Awolowo University Ile-Ife,Nigeria,,,,0.8,https://cve.oauife.edu.ng/courses/kotlin-for-java-developers/
university_website,university_page,primary,formal,Kotlin Language for Java Developers → Version Control – Part 11,Obafemi Awolowo University Ile-Ife,Nigeria,,,,0.8,https://accounting.oauife.edu.ng/courses/kotlin-for-java-developers/lessons/version-control-part-11/
university_website,university_page,primary,formal,[PDF] Programming Ubiquitous Things - UiO,University of Oslo,Norway,,document,,0.8,https://www.uio.no/studier/emner/matnat/ifi/IN5600/v25/lab-classes/lab3-kotlin-coroutines.pdf
university_website,university_page,primary,formal,Android App – DIHE - Dadabhoy Institute of Higher Education,Dadabhoy Institute of Higher Education,Pakistan,,,,0.8,https://dadabhoy.edu.pk/course-category/android-app/?tutor-course-filter-category=78
university_website,university_page,primary,formal,BS Computer Science - Ziauddin University,Zia-ud-Din University,Pakistan,,,,0.8,https://zu.edu.pk/faculty-of-engineering-science-technology-management/college-of-computing-and-software-engineering/department-of-computer-science/bs-computer-science/
university_website,university_page,primary,formal,[PDF] Kotlin In Action Second Edition - UNAP,Universidad Nacional del Altiplano,Peru,,document,,0.8,https://ocni.unap.edu.pe/fetch.php/A11OYM/998698/Kotlin%20In%20Action%20Second%20Edition.pdf
university_website,university_page,primary,formal,[PDF] Kotlin Design Patterns And Best Practices - ocni.unap.edu.pe,Universidad Nacional del Altiplano,Peru,,document,,0.8,https://ocni.unap.edu.pe/Download_PDFS/A114K7/997408/Kotlin%20Design%20Patterns%20And%20Best%20Practices.pdf
university_website,university_page,primary,formal,Programming in Kotlin - University of Warsaw,University of Warsaw,Poland,,,,0.8,https://informatorects.uw.edu.pl/en/courses/view?prz_kod=1000-2M24KOT
university_website,university_page,primary,formal,Android Training Program — ISPGAYA,Instituto Superior Politécnico Gaya,Portugal,,,,0.8,https://ispgaya.pt/en/vida-academica/eventos/android-training-program
university_website,university_page,primary,formal,Events - ISPGAYA,Instituto Superior Politécnico Gaya,Portugal,,,,0.8,https://ispgaya.pt/en/vida-academica/eventos?page=15
university_website,university_page,primary,formal,Class Programming Mobile Devices - Lisboa - Universidade Lusófona,Universidade Lusófona de Humanidades e Technologias,Portugal,,,,0.8,https://www.ulusofona.pt/en/lisboa/bachelor/it-engineering/ULP452-15892
university_website,university_page,primary,formal,[PDF] Разработка мобильных приложений,Bauman Moscow State Technical University,Russia,,document,,0.8,https://mf.bmstu.ru/sveden/files/eiw/Razrabotka_mobilynyx_priloghenii(1).pdf
university_website,university_page,primary,formal,"Programming languages (Kotlin and Scala, functional programming ...",Higher School of Economics,Russia,,,,0.8,https://www.hse.ru/en/edu/courses/929563078
university_website,university_page,primary,formal,"Research Seminar ""Introduction to Android Development with Kotlin""",Higher School of Economics,Russia,,,,0.8,https://www.hse.ru/en/edu/courses/1048891092
university_website,university_page,primary,formal,Mobile Development with Kotlin 2 – HSE University Course Catalogue,Higher School of Economics,Russia,,,,0.8,https://www.hse.ru/en/edu/courses/939801510
university_website,university_page,primary,formal,Education programs | MIPT,Moscow Institute of Physics and Technology,Russia,,,,0.8,https://eng.mipt.ru/programs/scientific-software-and-data-analysis-in-non-accelerator-particle-physics/
university_website,university_page,primary,formal,Основы разработки серверных приложений на java/kotlin с ...,"Moscow State Institute of Radiotechnics, Electronics and Automation (Technical University)",Russia,,,,0.8,https://www.mirea.ru/news/v-rtu-mirea-sostoyalsya-master-klass-osnovy-razrabotki-servernykh-prilozheniy-na-java-kotlin-s-ispol/
university_website,university_page,primary,formal,Мобильная разработка для Android на Kotlin (часть 1),"Moscow State Institute of Radiotechnics, Electronics and Automation (Technical University)",Russia,,,,0.8,https://online-dpo.mirea.ru/course/view.php?id=154
university_website,university_page,primary,formal,core/coil/src/commonMain/kotlin/ru/sulgik/core/coil/platformModule ...,Novosibirsk State Technical University,Russia,,,,0.8,https://gitlab.cloud.nstu.ru/my-street/my-street-client/-/blob/fix-map-not-interactable-on-category-selector/core/coil/src/commonMain/kotlin/ru/sulgik/core/coil/platformModule.kt
university_website,university_page,primary,formal,Интернет-гигант Google сделал новый язык программирования ...,St. Petersburg State Polytechnical University,Russia,,,,0.8,https://iccs.spbstu.ru/news/internet_gigant_google_sdelal_novuy_yazuk_programmirovaniya_kotlin_odnim_iz_osnovnuh_yazukov/
university_website,university_page,primary,formal,Оптимизация совместной компиляции программ на языках Java и ...,St. Petersburg State Polytechnical University,Russia,,document,,0.8,https://elib.spbstu.ru/dl/2/v17-4104.pdf
university_website,university_page,primary,formal,[PDF] обучение языку программирования Kotlin в Политехе,St. Petersburg State Polytechnical University,Russia,,document,,0.8,https://www.spbstu.ru/pdf_news/view/advanced-training-learning-language-programming-kotlin.pdf
university_website,university_page,primary,formal,[PDF] Kotlin Programming Cookbook Explore More Than 100 Recipes ...,Université Cheikh Anta Diop,Senegal,,document,,0.8,https://homecoming.ucad.sn/book/141027/2299G5M/kotlin_programming-cookbook__explore-more__than-100__recipes_that-show__how__to__build__robust-le_and_web_applications__with__kotlin__spring-boot-and-android.pdf
university_website,university_page,primary,formal,[PDF] Kotlin For Android Developers Learn Kotlin The Easy Way While ...,Université Cheikh Anta Diop,Senegal,,document,,0.8,https://homecoming.ucad.sn/ppt/ej/69310EJ/kotlin_for-android-developers__learn__kotlin_the__easy__way__while-developing_an-android__app.pdf
university_website,university_page,primary,formal,NUS Certificate in Digital Solutions Development – Mobile ...,National University of Singapore,Singapore,,,,0.8,https://www.iss.nus.edu.sg/executive-education/course/detail/nus-certificate-in-digital-solutions-development---mobile-applications/software-systems
university_website,university_page,primary,formal,ProMob: Kotlin - VirtualUMB,Matej Bel University in Banská Bystrica,Slovakia,,,,0.8,https://lms.umb.sk/mod/resource/view.php?id=123043&forceview=1
university_website,university_page,primary,formal,Vývoj mobilných aplikácií,Comenius University in Bratislava,Slovakia,,,,0.8,https://dai.fmph.uniba.sk/courses/VMA/
university_website,university_page,primary,formal,[PDF] Kotlin,Comenius University in Bratislava,Slovakia,,document,,0.8,https://dai.fmph.uniba.sk/courses/PARA/Prednasky/Kotlin.pdf
university_website,university_page,primary,formal,Advanced Kotlin Programming - Universidad Jaén,Universidad de Jaén,Spain,,,,0.8,https://buscaenbuja.ujaen.es/discovery/fulldisplay?vid=34CBUA_UJA%3AVU1&tab=Jaen&docid=alma991004057165004994&lang=es&context=L&adaptor=Local%20Search%20Engine&offset=0
university_website,university_page,primary,formal,Network and Internet applications - Campus UOC,Universitat Oberta de Catalunya,Spain,,,,0.8,https://campus.uoc.edu/tren/trenacc/web/GAT_EXP.PLANDOCENTE?any_academico=20221&cod_asignatura=22.603&idioma=ANG&pagina=PD_PREV_PORTAL
university_website,university_page,primary,formal,[PDF] COURSE DESCRIPTION 2025-2026 - UPV,Universidad Politécnica de Valencia,Spain,,document,,0.8,https://www.upv.es/reports/rwservlet?g_doc+p_rep=049sZTu1iw8Cidb2Lya966Rr0UkvYsYo_vqIhNp%3DXaBZFazPoijJEkF1RPmlpywGCU9CCJNUpt0KppL2EIASzumzVJ_spqtNaze4wglU10oWA3L_pU%3A4G5LS8%3AEZBE9ir6475qbyfg6OMdmh4CRXj%3AtlqnA%3AwoNp530ZWip5w5LJ6S6LckckkT_52TEElfG0GPa1cIv%3Dmhh3dfm5Cr%3A4bKbRaSnQtf1%3ASLfMx%3Dj9gxR0ipe01dPr1kh3EtAARMRt%3A7FVbN5vNqIi2sF8pS8mzvcJtIp9YFZpL23iQtVmxs1T%3AUkEuuiRBvEB%3DzezP7Y2TztTNaLi62Vb4IGS26wXnZH3xUI8XNc8t.pdf
university_website,university_page,primary,formal,"Kotlin, JVM without the ceremony",Universidad de Valencia,Spain,,,,0.8,https://www.uv.es/uvweb/master-web-technology-cloud-computing-mobile-applications/en/news/kotlin-jvm-ceremony-1285923370770/Novetat.html?id=1286074592973
university_website,university_page,primary,formal,Faculty Virtual Rooms - KDU Library,Kotelawala Defence University,Sri Lanka,,,,0.8,https://library.kdu.ac.lk/virtual-reading-room-category.php?department=69
university_website,university_page,primary,formal,Ulf Benjaminsson - Uppsala University,Uppsala University,Sweden,,,,0.8,https://www.uu.se/en/contact-and-organisation/staff?query=N12-2450
university_website,university_page,primary,formal,app/src · master · Loris Svante Chris Agnolini / OpenWeatherApp ...,University of Geneva,Switzerland,,,,0.8,https://gitlab.unige.ch/Loris.Agnolini/openweatherapp-kotlin/-/tree/master/app/src?ref_type=heads
university_website,university_page,primary,formal,[PDF] BFH Study Offer in English - Bern University of Applied Sciences,BFH - Bern University of Applied Sciences,Switzerland,,document,,0.8,https://www.bfh.ch/dam/jcr:e7cda6b2-7bc2-4ece-b4e0-a7ce349f8f85/BFH%20Study%20Offer%20in%20English_2026%20January.pdf
university_website,university_page,primary,formal,Fachkurs Modern Programming in Java & Kotlin - Hochschule Luzern,Hochschule Luzern,Switzerland,,,,0.8,https://www.hslu.ch/de-ch/informatik/weiterbildung/technologies-and-methods/fachkurs-modern-programming-java
university_website,university_page,primary,formal,Android Developer Career Academy | Colorado Skills Institute,Colorado Community College System,United States,,,,0.8,https://skillsinstitute.cccs.edu/courses/android-developer-career-academy/
university_website,university_page,primary,formal,Kotlin Multiplatform Libraries – Career Development Center ...,Appalachian State University,United States,,,,0.8,https://careerhub.appstate.edu/classes/kotlin-multiplatform-libraries/
university_website,university_page,primary,formal,Community scientific symposium entitled “Kotlin Conf Global ... - ASU,Arizona State University,United States,,,,0.8,https://www.asu.edu.eg/en/1024/news/community-scientific-symposium-entitled-kotlin-conf-global-extended-at-faculty-of-computers
university_website,university_page,primary,formal,All Approved Curriculum - A-State Research & Creativity Hub (ARCH),Arkansas State University,United States,,,,0.8,https://arch.astate.edu/asu-gcallucc/1360/
university_website,university_page,primary,formal,2021u_lac01_approved_nc_digi-2013-intro-to-coding-with-kotlin-for ...,Arkansas State University,United States,,,,0.8,https://arch.astate.edu/asu-gcallucc/1312/
university_website,university_page,primary,formal,"Program: Android Application Development, Certificate - Arkansas ...",Arkansas State University,United States,,,,0.8,https://catalog.astate.edu/preview_program.php?catoid=3&poid=574
university_website,university_page,primary,formal,Mines Daily Blast System,Colorado School of Mines,United States,,,,0.8,https://webapps.mines.edu/DailyBlast/Home/ShowDigestItem?ID=26526
university_website,university_page,primary,formal,Kotlin Multiplatform Libraries – Career Development Services ...,Florida Gulf Coast University,United States,,,,0.8,https://careerservices.fgcu.edu/classes/kotlin-multiplatform-libraries/
university_website,university_page,primary,formal,Information Technology Alumni Success - Fordham University,Fordham University,United States,,,,0.8,https://www.fordham.edu/gabelli-school-of-business/academic-programs-and-admissions/graduate-programs/academic-programs/ms-programs/information-technology/information-technology-alumni-success/
university_website,university_page,primary,formal,Web Mobile Application Development - Fort Hays State University,Fort Hays State University,United States,,,,0.8,https://www.fhsu.edu/programs/web-mobile-application-development/
university_website,university_page,primary,formal,Introduction to Kotlin,Gustavus Adolphus College,United States,,,,0.8,https://homepages.gac.edu/~sskulrat/Courses/2018F-178/lectures/2018-09-17-intro.html
university_website,university_page,primary,formal,Object-Oriented and Functional Programming in Kotlin - 605.603,Johns Hopkins University,United States,,,,0.8,https://ep.jhu.edu/courses/605603-object-oriented-and-functional-programming-in-kotlin/
university_website,university_page,primary,formal,Kotlin Multiplatform Libraries – Office of Career Services | Kean ...,Kean College,United States,,,,0.8,https://career.kean.edu/classes/kotlin-multiplatform-libraries/
university_website,university_page,primary,formal,CSCI - Computer Science/Programming - MSU Billings Catalog,Montana State University - Billings,United States,,,,0.8,https://catalog.msubillings.edu/undergraduate/courses/csci/
university_website,university_page,primary,formal,What Does Mean In Kotlin - NYU Shibboleth,New York University,United States,,,,0.8,https://shibboleth.idm.home.nyu.edu/what-does-mean-in-kotlin
university_website,university_page,primary,formal,Software Engineering (SE) - Academic Catalog,New England Institute of Technology,United States,,,,0.8,https://catalog.neit.edu/course-descriptions/se/
university_website,university_page,primary,formal,CS 4300-30R | Spring Semester 2026 - mySUU Portal - SUU,Southern Utah University,United States,,,,0.8,https://my.suu.edu/syllabus/202610/CS-4300-30R/
university_website,university_page,primary,formal,The Complete Kotlin Developer Course [electronic resource],Stanford University,United States,,,,0.8,https://searchworks.stanford.edu/view/13665664
university_website,university_page,primary,formal,Search Results - Libraries Catalog - Texas A&M University,Texas A&M University - College Station,United States,,,,0.8,https://catalog.library.tamu.edu/Search/Results?page=3&filter%5B%5D=topic_facet%3A%22Java+%28Langage+de+programmation%29%22&type=AllFields
university_website,university_page,primary,formal,[PDF] syllabus: mobile app development course & instructor information,Texas Christian University,United States,,document,,0.8,https://cse.tcu.edu/computer-science/files/syllabi/COSC40043.pdf
university_website,university_page,primary,formal,Kotlin Multiplatform Development – Career Pathways Center | Texas ...,Texas Southern University,United States,,,,0.8,https://cpc.tsu.edu/classes/kotlin-multiplatform-development/
university_website,university_page,primary,formal,Kotlin Multiplatform Libraries – Career Pathways Center | Texas ...,Texas Southern University,United States,,,,0.8,https://cpc.tsu.edu/classes/kotlin-multiplatform-libraries/
university_website,university_page,primary,formal,Mastering android development with Kotlin : deep dive into the world ...,"University of California, Riverside",United States,,,,0.8,https://search.library.ucr.edu/discovery/fulldisplay?docid=alma9914826952106531&context=L&vid=01CDL_RIV_INST:UCR&lang=en&adaptor=Local%20Search%20Engine&tab=Everything&query=sub%2Cexact%2CMobile%20apps%20--%20Programming%2CAND&mode=advanced&offset=0
university_website,university_page,primary,formal,Natalie Kotlin | Department of Chemistry & Biochemistry,University of Notre Dame,United States,,,,0.8,https://chemistry.nd.edu/people/natalie-kotlin/
university_website,university_page,primary,formal,Natalie Kotlin - Lucy Family Institute for Data & Society,University of Notre Dame,United States,,,,0.8,https://lucyinstitute.nd.edu/people/graduate-scholars/current-graduate-scholars/natalie-kotlin/
university_website,university_page,primary,formal,Kotlin Multiplatform Development - Mohr Career Services,University of Oregon,United States,,,,0.8,https://mohr.uoregon.edu/classes/kotlin-multiplatform-development/
university_website,university_page,primary,formal,Advanced Kotlin Database Development - Mohr Career Services,University of Oregon,United States,,,,0.8,https://mohr.uoregon.edu/classes/advanced-kotlin-database-development/
university_website,university_page,primary,formal,"Concurrent Programming with Android: Threads, Workers, and ...",University of Oregon,United States,,,,0.8,https://mohr.uoregon.edu/classes/concurrent-programming-with-android-threads-workers-and-kotlin-coroutines/
university_website,university_page,primary,formal,Kotlin Multiplatform Libraries - USC Career Center - University of ...,University of Southern California,United States,,,,0.8,https://careers.usc.edu/classes/kotlin-multiplatform-libraries/
university_website,university_page,primary,formal,Kotlin Multiplatform Development – Career Center | University of ...,University of Southern California,United States,,,,0.8,https://careers.usc.edu/classes/kotlin-multiplatform-development/
university_website,university_page,primary,formal,Frontend Development with JavaFX and Kotlin : Build State-of ... - USC,University of Southern California,United States,,,,0.8,https://libcatalog.usc.edu/discovery/fulldisplay?docid=alma991044197959003731&context=L&vid=01USC_INST:01USC&lang=en&adaptor=Local%20Search%20Engine&tab=Everything&query=creator%2Cexact%2CSpath%2C%20Peter%2CAND&mode=advanced&offset=0
university_website,university_page,primary,formal,Cosc 4730: Mobile Programming,University of Wyoming,United States,,,,0.8,https://www.cs.uwyo.edu/~seker/courses/4730/?go=lec
university_website,university_page,primary,formal,Kotlin for Android: Best Practices – Career Connections | Villanova ...,Villanova University,United States,,,,0.8,https://connections.villanova.edu/classes/kotlin-for-android-best-practices/
university_website,university_page,primary,formal,Programming for Non-Programmers: Android & Kotlin,Villanova University,United States,,,,0.8,https://connections.villanova.edu/classes/programming-for-non-programmers-android-kotlin/
university_website,university_page,primary,formal,Transitioning from Java to Kotlin – Career Connections | Villanova ...,Villanova University,United States,,,,0.8,https://connections.villanova.edu/classes/transitioning-from-java-to-kotlin/
university_website,university_page,primary,formal,Build Spring Boot Apps with the Kotlin Programming Language,Villanova University,United States,,,,0.8,https://connections.villanova.edu/classes/build-spring-boot-apps-with-the-kotlin-programming-language/
university_website,university_page,primary,formal,Kotlin Multiplatform Development,Wentworth Institute of Technology,United States,,,,0.8,https://coopsandcareers.wit.edu/classes/kotlin-multiplatform-development/
university_website,university_page,primary,formal,Kotlin Multiplatform Libraries,Wentworth Institute of Technology,United States,,,,0.8,https://coopsandcareers.wit.edu/classes/kotlin-multiplatform-libraries/
university_website,university_page,primary,formal,Computer Science - Western Colorado University,Western State Colorado University,United States,,,,0.8,https://western.edu/undergraduate/computer-science/
university_website,university_page,primary,formal,Cours : Applications Mobiles - E.A.D.,Centre Universitaire de Jijel,Algeria,,,,0.8,https://elearning.univ-jijel.dz/course/view.php?id=1924
university_website,university_page,primary,formal,[PDF] Seminario de Lenguajes (Opción Android + Kotlin) - Informática UNLP,Universidad Nacional de La Plata,Argentina,,document,,0.8,https://www.info.unlp.edu.ar/wp-content/uploads/2026/02/Seminario-de-Lenguajes-opcion-Android-2026.pdf
university_website,university_page,primary,formal,Convocatoria abierta para una Beca UACO 2025 Grupo ...,Universidad Nacional de la Patagonia Austral,Argentina,,,,0.8,https://www.uaco.unpa.edu.ar/convocatoria-abierta-para-una-beca-uaco-2025-grupo-investigacion-y-formacion
university_website,university_page,primary,formal,[PDF] emmanuel.lagarrigue@cs.uns.edu.ar,Universidad Nacional del Sur,Argentina,,document,,0.8,https://cs.uns.edu.ar/~ece/ads/downloads/Practica/Kotlin1.pdf
university_website,university_page,primary,formal,Curso KOTLIN (Artekium) - Campus Virtual UTN-MDP,Universidad Tecnológica Nacional,Argentina,,,,0.8,https://campus.mdp.utn.edu.ar/course/view.php?id=986
university_website,university_page,primary,formal,Kotlin & Java: Curso Android - Apps on Google Play,Universidad Nacional de Avellaneda,Argentina,,,,0.8,https://play.google.com/store/apps/details?id=androit.nativokotlinyjava&hl=en_US&referrer=utm_source%3Dgoogle%26utm_medium%3Dorganic%26utm_term%3Dkotlin+undav.edu.ar
university_website,university_page,primary,formal,What Can We Learn from Decompiling Kotlin Generated Classes,American University of Armenia,Armenia,,,,0.8,https://newsroomarchive.aua.am/event/decompiling-kotlin-generated-classes/
university_website,university_page,primary,formal,COMP2012 Mobile Application Development - Flinders University,Flinders University of South Australia,Australia,,,,0.8,https://handbook.flinders.edu.au/topics/2026/COMP2012
university_website,university_page,primary,formal,Curriculum - FH JOANNEUM,Fachhochschule JOANNEUM,Austria,,,,0.8,https://www.fh-joanneum.at/it-und-mobile-security/master/en/my-studies/curriculum/
university_website,university_page,primary,formal,ST: Programming in Kotlin - System Software,Johannes Kepler Universität Linz,Austria,,,,0.8,https://ssw.jku.at/Teaching/Lectures/SpezialLVA/Kotlin/
university_website,university_page,primary,formal,"[PDF] Kotlin, a versatile programming language, supports multiple ...",Johannes Kepler Universität Linz,Austria,,document,,0.8,https://ssw.jku.at/General/Staff/Weninger/BSC/2025_KotlinOpenTelemetryPlugin-Schoenberger/Topic.pdf
university_website,university_page,primary,formal,Introduction to Multi-platform Programming | Qarabağ University,Qafqaz University,Azerbaijan,,,,0.8,https://qu.edu.az/en/introduction-multi-platform-programming
university_website,university_page,primary,formal,Undergraduate Course Catalog - AIUB,American International University - Bangladesh,Bangladesh,,,,0.8,https://www.aiub.edu/faculties/fst/ug-course-catalog
university_website,university_page,primary,formal,Kotlin Language for Java Developers - ИПКиП,Brest State Technical University,Belarus,,,,0.8,https://ipk.bstu.by/courses/kotlin-for-java-developers/
university_website,university_page,primary,formal,[PDF] English-taught programme for incoming exchange ... - HOGENT,Hogeschool Gent,Belgium,,document,,0.8,https://www.hogent.be/sites/hogent/assets/File/2122IC%20Short%20description%20Curriculum%20DIT.pdf
university_website,university_page,primary,formal,[PDF] English taught programme for incoming exchange ... - HOGENT,Hogeschool Gent,Belgium,,document,,0.8,https://www.hogent.be/sites/hogent/assets/File/DIT%20Short%20description%20International%20Curriculum%202021-22%20DIT.pdf
university_website,university_page,primary,formal,[PDF] Pós-Graduação a distância Desenvolvimento Mobile - PUC Minas,Pontifícia Universidade Católica de Minas Gerais,Brazil,,document,,0.8,https://www.pucminas.br/PucVirtual/Pos-Graduacao/Documents/DesenvolvimentoMobile.pdf
university_website,university_page,primary,formal,Summer and intensive language courses are now open for registration,Pontifícia Universidade Católica do Rio Grande do Sul,Brazil,,,,0.8,https://portal.pucrs.br/en/news/education/Summer-and-intensive-language-courses-are-now-open-for-registration/
university_website,university_page,primary,formal,[PDF] Desenvolvendo Aplicativos Android usando Kotlin,Universidade de São Paulo,Brazil,,document,,0.8,https://repositorio.usp.br/directbitstream/6b94b2d8-81c4-4e73-988c-c020bb2fd919/3213284.pdf
university_website,university_page,primary,formal,Web and Mobile Application Development - BCIT,British Columbia Institute of Technology,Canada,,,,0.8,https://www.bcit.ca/programs/web-and-mobile-application-development-associate-certificate-part-time-6465acert/
university_website,university_page,primary,formal,[DOC] 4411 - Programming Languages - Lakehead University,Lakehead University,Canada,,document,,0.8,https://www.lakeheadu.ca/sites/default/files/uploads/35/course-outlines/12.%20Outline_COMP4411_F2023.docx
university_website,university_page,primary,formal,Software Development & Network Engineering - Sheridan College,Sheridan College,Canada,,,,0.8,https://www.sheridancollege.ca/programs/computer-systems-technology-software-development-and-network-engineering
university_website,university_page,primary,formal,CSTP 2250 - Vancouver Community College,Vancouver Community College,Canada,,,,0.8,https://www.vcc.ca/courses/cstp-2250/
university_website,university_page,primary,formal,"[PDF] Uniandes Lab Orchestration System (ULOS): UI, API and Execution ...",Universidad de Los Andes,Colombia,,,,0.8,https://repositorio.uniandes.edu.co/bitstreams/4879e949-0e9b-49b4-9837-61fe2517c186/download
university_website,university_page,primary,formal,[PDF] Extended Design Patterns in New Object-Oriented Programming ...,Waseda University,Japan,,document,,0.8,http://www.washi.cs.waseda.ac.jp/wp-content/uploads/2013/07/SEKE2013-Sakamoto-document.pdf
university_website,university_page,primary,formal,Yeni Başlayanlar için KOTLİN ile Android Programlama - UNIS,Ahi Evran University,Turkey,,,,0.8,https://unis.ahievran.edu.tr/yayin-detay/2_DJ4sDm_86/yeni-baslayanlar-icin-kotlin-ile-android-programlama
university_website,university_page,primary,formal,BM320 - Mobil Programlama - Bilecik Şeyh Edebali Üniversitesi,Bilecik University,Turkey,,,,0.8,https://ebs.bilecik.edu.tr/pdf/dersbilgigetir/348030
university_website,university_page,primary,formal,TBIL2025 Mobil Programlama - Ders Bilgi Paketi,Karadeniz Technical University,Turkey,,,,0.8,https://katalog.ktu.edu.tr/dersbilgipaketi/course.aspx?pid=1440&lang=1&dbid=669533
university_website,university_page,primary,formal,MYP242,Ufuk University,Turkey,,,,0.8,https://bipa.ufuk.edu.tr/anasayfa/akademik-programlar/on-lisans/meslek-yuksekokulu/bilgisayar-programciligi/myp242/
university_website,university_page,primary,formal,Module Information - Aberystwyth University,Aberystwyth University,United Kingdom,,,,0.8,https://www.aber.ac.uk/en/modules/2026/CS31620/AB1/
university_website,university_page,primary,formal,"course description: ""LiL: Kotlin: Essential Training (Online)""",University of Cambridge,United Kingdom,,,,0.8,https://training.cam.ac.uk/ucs/course/uis-lil-kotlin-intro
university_website,university_page,primary,formal,Computer Science BSc Hons | University of Chester,University of Chester,United Kingdom,,,,0.8,https://chester.ac.uk/study/course-search/computer-science-bsc-hons/
university_website,university_page,primary,formal,From Programming Languages to Modern Foreign ... - Imperial blogs,Imperial College London,United Kingdom,,,,0.8,https://blogs.imperial.ac.uk/computing/2023/01/30/from-programming-languages-to-modern-foreign-languages-and-back-again-with-imperial-horizons/
university_website,university_page,primary,formal,40009 | Faculty of Engineering | Imperial College London,Imperial College London,United Kingdom,,,,0.8,https://www.imperial.ac.uk/engineering/departments/computing/current-students/courses/40009/
university_website,university_page,primary,formal,Compilers And Formal Languages - King's College London,"King's College London, University of London",United Kingdom,,,,0.8,https://www.kcl.ac.uk/abroad/module-options/module?id=693c891b-21d4-45e8-b29c-e6ef19313d6c
university_website,university_page,primary,formal,ISTANBUL OKAN UNIVERSITY - OİS,Okan University,Turkey,,,,0.8,https://ois.okan.edu.tr/bilgipaketi/index/ders/ders_id/29339/program_kodu/0702003/s/5/st/M/ln/en
university_website,university_page,primary,formal,ISTANBUL OKAN UNIVERSITY - OİS,Okan University,Turkey,,,,0.8,https://ois.okan.edu.tr/bilgipaketi/index/ders/ders_id/20769/program_kodu/0702001/h/28792/s/8/st/D/ln/en
university_website,university_page,primary,formal,[PDF] CPS 251: ANDROID PROGRAMMING,Washtenaw Community College,United States,,document,,0.8,https://www.wccnet.edu/mywcc/faculty-staff/curriculum/course-program-data/syllabi/cps/ms_cps251.pdf
university_website,university_page,primary,formal,IST218C: Mobile Application Development - NHTI catalog,NHTI-Concord's Community College,United States,,,,0.8,https://catalog.nhti.edu/information-technology/ist218c
university_website,university_page,primary,formal,Software Development - Spokane Community College,Spokane Community College,United States,,,,0.8,https://scc.spokane.edu/What-to-Study/STEM/Software-Development
university_website,university_page,primary,formal,Software Engineering – Morehouse College,Morehouse,United States,,,,0.8,https://careerdevelopment.morehouse.edu/experiences/software-engineering/
university_website,university_page,primary,formal,Industrial Test Software Training - UPT,Polytechnic University of Timisoara,Romania,,,,0.8,https://tess.upt.ro/
university_website,university_page,primary,formal,[PDF] Department of IT - St. Joseph's College of Engineering,St Joseph's College Of Engineering,India,,document,,0.8,https://stjosephs.ac.in/Department%20Brochure/IT%202024.pdf
university_website,university_page,primary,formal,Certification Course - Artificial Intelligence and Data Science (AI-DS),Sri Sai Ram Institute of Technology,India,,,,0.8,https://ai.sairamit.edu.in/certification-course/
university_website,university_page,primary,formal,eConnect - Browse 100% Online Classes - Fall 2026 - ITSE,Dallas College,United States,,,,0.8,https://schedule.dallascollege.edu/Fall/INET/Prefix/ITSE
